<?xml version="1.0" encoding="UTF-8"?>
<KURS xml:id="0" xml:name="Водолей">
     <T xml:id="1" xml:name="Задание 1">
     <TITLE>Задание 1</TITLE>
       <DESC>
		Наберите 1 литр воды в любом из сосудов.
		Объемы сосудов - 5 и 3 литра.
       </DESC>
       <CS>Кумир</CS>
       <ISP xml:ispname="Водолей">
       <ENV>vodoley/01.vod</ENV>
       </ISP>
       <PROGRAM>vodoley/01.kum</PROGRAM>
       <READY>false</READY>
       <MARK>0</MARK>
    </T>
     <T xml:id="2" xml:name="Задание 2">
     <TITLE>Задание 2</TITLE>
       <DESC>
		Наберите 1 литр воды в любом из сосудов.
		Объемы сосудов - 8 и 5 литров.
       </DESC>
       <CS>Кумир</CS>
       <ISP xml:ispname="Водолей">
       <ENV>vodoley/02.vod</ENV>
       </ISP>
       <PROGRAM>vodoley/02.kum</PROGRAM>
       <READY>false</READY>
       <MARK>0</MARK>
    </T>
     <T xml:id="3" xml:name="Задание 3">
     <TITLE>Задание 3</TITLE>
       <DESC>
		Наберите 4 литра воды в любом из сосудов.
		Объемы сосудов - 8 и 5 литров.
       </DESC>
       <CS>Кумир</CS>
       <ISP xml:ispname="Водолей">
       <ENV>vodoley/03.vod</ENV>
       </ISP>
       <PROGRAM>vodoley/03.kum</PROGRAM>
       <READY>false</READY>
       <MARK>0</MARK>
    </T>
     <T xml:id="4" xml:name="Задание 4">
     <TITLE>Задание 4</TITLE>
       <DESC>
		Наберите 1 литр воды.
		Объемы сосудов - 11 и 2 литра.
       </DESC>
       <CS>Кумир</CS>
       <ISP xml:ispname="Водолей">
       <ENV>vodoley/04.vod</ENV>
       </ISP>
       <PROGRAM>vodoley/04.kum</PROGRAM>
       <READY>false</READY>
       <MARK>0</MARK>
    </T>
     <T xml:id="5" xml:name="Задание 5">
     <TITLE>Задание 5</TITLE>
       <DESC>
		Наберите 1 литр воды.<br />
		Объемы сосудов - n и 2 литра, где n - произвольное нечётное число.<hr />
		<p>При решении задачи используйте цикл <b>нц ... раз</b></p>
       </DESC>
       <CS>Кумир</CS>
       <ISP xml:ispname="Водолей">
       <ENV>vodoley/05-1.vod</ENV>
       <ENV>vodoley/05-2.vod</ENV>
       <ENV>vodoley/05-3.vod</ENV>
       <ENV>vodoley/05-4.vod</ENV>
       </ISP>
       <PROGRAM>vodoley/05.kum</PROGRAM>
       <READY>false</READY>
       <MARK>0</MARK>
    </T>
     <T xml:id="6" xml:name="Задание 6">
     <TITLE>Задание 6</TITLE>
       <DESC>
		Наберите 1 литр воды.<br />
		Объемы сосудов - n и 2 литра, где n - произвольное нечётное число.<hr />
		<p>При решении задачи используйте цикл <b>нц пока</b></p>
       </DESC>
       <CS>Кумир</CS>
       <ISP xml:ispname="Водолей">
       <ENV>vodoley/06-1.vod</ENV>
       <ENV>vodoley/06-2.vod</ENV>
       <ENV>vodoley/06-3.vod</ENV>
       <ENV>vodoley/06-4.vod</ENV>
       </ISP>
       <PROGRAM>vodoley/06.kum</PROGRAM>
       <READY>false</READY>
       <MARK>0</MARK>
    </T>
     <T xml:id="7" xml:name="Задание 7">
     <TITLE>Задание 7</TITLE>
       <DESC>
		Наберите 1 литр воды.<br />
		Объемы сосудов - n и 3 литра, где n=3*k+1.<hr />
		<p>При решении задачи используйте цикл <b>нц ... раз</b></p>
       </DESC>
       <CS>Кумир</CS>
       <ISP xml:ispname="Водолей">
       <ENV>vodoley/07-1.vod</ENV>
       <ENV>vodoley/07-2.vod</ENV>
       <ENV>vodoley/07-3.vod</ENV>
       <ENV>vodoley/07-4.vod</ENV>
       </ISP>
       <PROGRAM>vodoley/07.kum</PROGRAM>
       <READY>false</READY>
       <MARK>0</MARK>
    </T>
     <T xml:id="8" xml:name="Задание 8">
     <TITLE>Задание 8</TITLE>
       <DESC>
		Наберите 1 литр воды.<br />
		Объемы сосудов - n и 3 литра, где n=3*k+1.<hr />
		<p>При решении задачи используйте цикл <b>нц пока</b></p>
       </DESC>
       <CS>Кумир</CS>
       <ISP xml:ispname="Водолей">
       <ENV>vodoley/08-1.vod</ENV>
       <ENV>vodoley/08-2.vod</ENV>
       <ENV>vodoley/08-3.vod</ENV>
       <ENV>vodoley/08-4.vod</ENV>
       </ISP>
       <PROGRAM>vodoley/08.kum</PROGRAM>
       <READY>false</READY>
       <MARK>0</MARK>
    </T>
     <T xml:id="9" xml:name="Задание 9">
     <TITLE>Задание 9</TITLE>
       <DESC>
		Наберите 1 литр воды.<br />
		Объемы сосудов - n и 3 литра, где n=3*k+2.<hr />
		<p>При решении задачи используйте цикл <b>нц ... раз</b></p>
       </DESC>
       <CS>Кумир</CS>
       <ISP xml:ispname="Водолей">
       <ENV>vodoley/09-1.vod</ENV>
       <ENV>vodoley/09-2.vod</ENV>
       <ENV>vodoley/09-3.vod</ENV>
       <ENV>vodoley/09-4.vod</ENV>
       </ISP>
       <PROGRAM>vodoley/09.kum</PROGRAM>
       <READY>false</READY>
       <MARK>0</MARK>
    </T>
     <T xml:id="10" xml:name="Задание 10">
     <TITLE>Задание 10</TITLE>
       <DESC>
		Наберите 1 литр воды.<br />
		Объемы сосудов - n и 3 литра, где n=3*k+2.<hr />
		<p>При решении задачи используйте цикл <b>нц пока</b></p>
       </DESC>
       <CS>Кумир</CS>
       <ISP xml:ispname="Водолей">
       <ENV>vodoley/10-1.vod</ENV>
       <ENV>vodoley/10-2.vod</ENV>
       <ENV>vodoley/10-3.vod</ENV>
       <ENV>vodoley/10-4.vod</ENV>
       </ISP>
       <PROGRAM>vodoley/10.kum</PROGRAM>
       <READY>false</READY>
       <MARK>0</MARK>
    </T>
     <T xml:id="11" xml:name="Задание 11">
     <TITLE>Задание 11</TITLE>
       <DESC>
		Наберите 1 литр воды.<br />
		Объемы сосудов - 6, 10, 15 литров.<hr />
       </DESC>
       <CS>Кумир</CS>
       <ISP xml:ispname="Водолей">
       <ENV>vodoley/11.vod</ENV>
       </ISP>
       <PROGRAM>vodoley/11.kum</PROGRAM>
       <READY>false</READY>
       <MARK>0</MARK>
    </T>
     <T xml:id="12" xml:name="Задание 12">
     <TITLE>Задание 12</TITLE>
       <DESC>
		Наберите 7 литров воды.<br />
		Объемы сосудов - 6, 10, 15 литров.<hr />
       </DESC>
       <CS>Кумир</CS>
       <ISP xml:ispname="Водолей">
       <ENV>vodoley/12.vod</ENV>
       </ISP>
       <PROGRAM>vodoley/12.kum</PROGRAM>
       <READY>false</READY>
       <MARK>0</MARK>
    </T>
     <T xml:id="13" xml:name="Задание 13">
     <TITLE>Задание 13</TITLE>
       <DESC>
		Наберите 1 литр воды.<br />
		Объемы сосудов - 6 и 10 литров, в первом сосуде налито 3 литра.<hr />
       </DESC>
       <CS>Кумир</CS>
       <ISP xml:ispname="Водолей">
       <ENV>vodoley/13.vod</ENV>
       </ISP>
       <PROGRAM>vodoley/13.kum</PROGRAM>
       <READY>false</READY>
       <MARK>0</MARK>
    </T>
     <T xml:id="14" xml:name="Задание 14">
     <TITLE>Задание 14</TITLE>
       <DESC>
		Наберите 1 литр воды.<br />
		Объемы сосудов - 6 и 15 литров, в первом сосуде налито 2 литра.<hr />
       </DESC>
       <CS>Кумир</CS>
       <ISP xml:ispname="Водолей">
       <ENV>vodoley/14.vod</ENV>
       </ISP>
       <PROGRAM>vodoley/14.kum</PROGRAM>
       <READY>false</READY>
       <MARK>0</MARK>
    </T>
     <T xml:id="15" xml:name="Задание 15">
     <TITLE>Задание 15</TITLE>
       <DESC>
		Наберите 1 литр воды.&lt;br /&gt;
		Объемы сосудов - n и 3 литра, n не делится на 3.<hr />
       </DESC>
       <CS>Кумир</CS>
       <ISP xml:ispname="Водолей">
       <ENV>vodoley/15-1.vod</ENV>
       <ENV>vodoley/15-2.vod</ENV>
       <ENV>vodoley/15-3.vod</ENV>
       <ENV>vodoley/15-4.vod</ENV>
       <ENV>vodoley/15-5.vod</ENV>
       <ENV>vodoley/15-6.vod</ENV>
       <ENV>vodoley/15-7.vod</ENV>
       <ENV>vodoley/15-8.vod</ENV>
       </ISP>
       <PROGRAM>vodoley/15.kum</PROGRAM>
       <READY>false</READY>
       <MARK>0</MARK>
    </T>
     <T xml:id="16" xml:name="Задание 16">
     <TITLE>Задание 16</TITLE>
       <DESC>
		Наберите 1 литр воды.&lt;br /&gt;
		Объемы сосудов - взаимно простые числа, не равны 1.<hr />
       </DESC>
       <CS>Кумир</CS>
       <ISP xml:ispname="Водолей">
       <ENV>vodoley/16-8.vod</ENV>
       <ENV>vodoley/16-7.vod</ENV>
       <ENV>vodoley/16-6.vod</ENV>
       <ENV>vodoley/16-5.vod</ENV>
       <ENV>vodoley/16-4.vod</ENV>
       <ENV>vodoley/16-3.vod</ENV>
       <ENV>vodoley/16-2.vod</ENV>
       <ENV>vodoley/16-1.vod</ENV>
       </ISP>
       <PROGRAM>vodoley/16.kum</PROGRAM>
       <READY>false</READY>
       <MARK>0</MARK>
    </T>
     <T xml:id="17" xml:name="Задание 17">
     <TITLE>Задание 17</TITLE>
       <DESC>
		Проверьте, будет ли работать ваше задание, если объемы сосудов могут быть равны 1.<hr />
       </DESC>
       <CS>Кумир</CS>
       <ISP xml:ispname="Водолей">
       <ENV>vodoley/17-B.vod</ENV>
       <ENV>vodoley/17-A.vod</ENV>
       <ENV>vodoley/17-9.vod</ENV>
       <ENV>vodoley/17-8.vod</ENV>
       <ENV>vodoley/17-7.vod</ENV>
       <ENV>vodoley/17-6.vod</ENV>
       <ENV>vodoley/17-5.vod</ENV>
       <ENV>vodoley/17-4.vod</ENV>
       <ENV>vodoley/17-3.vod</ENV>
       <ENV>vodoley/17-2.vod</ENV>
       <ENV>vodoley/17-1.vod</ENV>
       </ISP>
       <PROGRAM>vodoley/16.kum</PROGRAM>
       <READY>false</READY>
       <MARK>0</MARK>
    </T>

<DESC>Задания на исполнитель Водолей</DESC>
</KURS>

